0,0.8932
0.00050025,0.8709
0.0010005,0.87258
0.0015008,0.87643
0.002001,0.86108
0.0025013,0.87702
0.0030015,0.89295
0.0035018,0.89244
0.004002,0.89683
0.0045023,0.89917
0.0050025,0.89667
0.0055028,0.90639
0.006003,0.89851
0.0065033,0.92774
0.0070035,0.92592
0.0075038,0.92744
0.008004,0.94173
0.0085043,0.94252
0.0090045,0.94124
0.0095048,0.93009
0.010005,0.93404
0.010505,0.91614
0.011006,0.92571
0.011506,0.94745
0.012006,0.93819
0.012506,0.94968
0.013007,0.96647
0.013507,0.94513
0.014007,0.92583
0.014507,0.93348
0.015008,0.92812
0.015508,0.93736
0.016008,0.94829
0.016508,0.95782
0.017009,0.9751
0.017509,0.98405
0.018009,1
0.018509,0.9839
0.01901,0.98363
0.01951,0.98153
0.02001,0.96005
0.02051,0.9635
0.021011,0.94935
0.021511,0.9683
0.022011,0.95752
0.022511,0.9646
0.023012,0.96754
0.023512,0.95519
0.024012,0.92612
0.024512,0.92533
0.025013,0.9118
0.025513,0.92002
0.026013,0.92682
0.026513,0.94949
0.027014,0.95741
0.027514,0.94879
0.028014,0.95388
0.028514,0.94037
0.029015,0.94011
0.029515,0.93946
0.030015,0.93946
0.030515,0.9352
0.031016,0.94987
0.031516,0.92477
0.032016,0.93051
0.032516,0.9425
0.033017,0.95229
0.033517,0.96003
0.034017,0.96057
0.034517,0.96964
0.035018,0.97725
0.035518,0.97383
0.036018,0.96878
0.036518,0.96481
0.037019,0.94506
0.037519,0.94192
0.038019,0.94351
0.038519,0.94773
0.03902,0.96706
0.03952,0.96236
0.04002,0.9707
0.04052,0.9814
0.041021,0.994
0.041521,0.98072
0.042021,0.98356
0.042521,0.98674
0.043022,0.97325
0.043522,0.96331
0.044022,0.9778
0.044522,0.97604
0.045023,0.98126
0.045523,0.98244
0.046023,0.97393
0.046523,0.96644
0.047024,0.97238
0.047524,0.95966
0.048024,0.97012
0.048524,0.97774
0.049025,0.96674
0.049525,0.96318
0.050025,0.94727
0.050525,0.91778
0.051026,0.93099
0.051526,0.92404
0.052026,0.92843
0.052526,0.93156
0.053027,0.93185
0.053527,0.91841
0.054027,0.90572
0.054527,0.90071
0.055028,0.88483
0.055528,0.87069
0.056028,0.89041
0.056528,0.89115
0.057029,0.87485
0.057529,0.8743
0.058029,0.85919
0.058529,0.84112
0.05903,0.83762
0.05953,0.85039
0.06003,0.85211
0.06053,0.8609
0.061031,0.84527
0.061531,0.8391
0.062031,0.83558
0.062531,0.81934
0.063032,0.80167
0.063532,0.81414
0.064032,0.81429
0.064532,0.80565
0.065033,0.81644
0.065533,0.81954
0.066033,0.80629
0.066533,0.82423
0.067034,0.8281
0.067534,0.84791
0.068034,0.86315
0.068534,0.85399
0.069035,0.83668
0.069535,0.83571
0.070035,0.83128
0.070535,0.81998
0.071036,0.82665
0.071536,0.84658
0.072036,0.83926
0.072536,0.82792
0.073037,0.82463
0.073537,0.8335
0.074037,0.82207
0.074537,0.80598
0.075038,0.80437
0.075538,0.8035
0.076038,0.81
0.076538,0.80202
0.077039,0.80002
0.077539,0.7942
0.078039,0.79313
0.078539,0.81369
0.07904,0.80557
0.07954,0.78753
0.08004,0.79381
0.08054,0.78171
0.081041,0.78219
0.081541,0.77379
0.082041,0.78096
0.082541,0.78836
0.083042,0.78564
0.083542,0.75813
0.084042,0.7599
0.084542,0.78123
0.085043,0.79487
0.085543,0.77371
0.086043,0.77265
0.086543,0.76352
0.087044,0.7498
0.087544,0.73327
0.088044,0.73714
0.088544,0.73139
0.089045,0.73214
0.089545,0.72721
0.090045,0.72099
0.090545,0.72595
0.091046,0.73571
0.091546,0.76399
0.092046,0.74582
0.092546,0.73212
0.093047,0.74602
0.093547,0.7408
0.094047,0.7223
0.094547,0.72653
0.095048,0.74733
0.095548,0.75681
0.096048,0.78302
0.096548,0.78978
0.097049,0.81475
0.097549,0.8102
0.098049,0.79493
0.098549,0.79211
0.09905,0.80804
0.09955,0.7931
0.10005,0.8016
0.10055,0.79355
0.10105,0.80093
0.10155,0.7862
0.10205,0.78735
0.10255,0.76051
0.10305,0.75391
0.10355,0.76009
0.10405,0.7558
0.10455,0.77236
0.10505,0.7639
0.10555,0.73276
0.10605,0.71627
0.10655,0.73041
0.10705,0.72889
0.10755,0.73397
0.10805,0.74661
0.10855,0.71822
0.10905,0.70958
0.10955,0.70015
0.11006,0.68652
0.11056,0.68408
0.11106,0.70445
0.11156,0.70393
0.11206,0.72037
0.11256,0.71105
0.11306,0.71115
0.11356,0.70066
0.11406,0.70852
0.11456,0.70516
0.11506,0.71159
0.11556,0.72054
0.11606,0.71949
0.11656,0.7314
0.11706,0.76232
0.11756,0.76935
0.11806,0.76919
0.11856,0.78142
0.11906,0.78217
0.11956,0.76734
0.12006,0.77384
0.12056,0.77378
0.12106,0.77008
0.12156,0.78717
0.12206,0.81212
0.12256,0.80513
0.12306,0.80651
0.12356,0.7957
0.12406,0.80481
0.12456,0.77314
0.12506,0.7864
0.12556,0.78933
0.12606,0.79284
0.12656,0.80909
0.12706,0.80541
0.12756,0.80363
0.12806,0.78661
0.12856,0.76433
0.12906,0.75491
0.12956,0.75867
0.13007,0.75143
0.13057,0.73357
0.13107,0.74793
0.13157,0.7384
0.13207,0.73825
0.13257,0.73823
0.13307,0.73489
0.13357,0.7402
0.13407,0.73667
0.13457,0.71439
0.13507,0.70061
0.13557,0.70386
0.13607,0.68703
0.13657,0.68238
0.13707,0.66978
0.13757,0.65405
0.13807,0.64037
0.13857,0.63499
0.13907,0.63732
0.13957,0.63577
0.14007,0.65002
0.14057,0.64673
0.14107,0.62641
0.14157,0.62654
0.14207,0.62749
0.14257,0.63173
0.14307,0.63843
0.14357,0.65554
0.14407,0.64821
0.14457,0.6517
0.14507,0.65152
0.14557,0.64375
0.14607,0.67236
0.14657,0.66891
0.14707,0.65003
0.14757,0.67374
0.14807,0.6781
0.14857,0.66311
0.14907,0.67142
0.14957,0.68842
0.15008,0.67642
0.15058,0.67823
0.15108,0.67637
0.15158,0.66079
0.15208,0.67664
0.15258,0.67644
0.15308,0.68362
0.15358,0.67402
0.15408,0.66525
0.15458,0.66946
0.15508,0.67089
0.15558,0.69564
0.15608,0.69195
0.15658,0.72158
0.15708,0.74178
0.15758,0.71574
0.15808,0.69323
0.15858,0.68555
0.15908,0.68306
0.15958,0.68318
0.16008,0.69439
0.16058,0.68472
0.16108,0.67506
0.16158,0.67236
0.16208,0.67209
0.16258,0.67582
0.16308,0.68999
0.16358,0.69832
0.16408,0.67488
0.16458,0.68421
0.16508,0.69508
0.16558,0.7036
0.16608,0.72115
0.16658,0.72553
0.16708,0.71652
0.16758,0.71452
0.16808,0.68172
0.16858,0.68806
0.16908,0.68962
0.16958,0.68171
0.17009,0.67294
0.17059,0.65847
0.17109,0.65783
0.17159,0.66291
0.17209,0.65848
0.17259,0.65179
0.17309,0.65131
0.17359,0.64897
0.17409,0.63615
0.17459,0.65346
0.17509,0.65936
0.17559,0.67652
0.17609,0.66985
0.17659,0.65487
0.17709,0.66569
0.17759,0.66624
0.17809,0.65611
0.17859,0.65492
0.17909,0.62802
0.17959,0.64253
0.18009,0.62939
0.18059,0.62017
0.18109,0.63811
0.18159,0.62593
0.18209,0.6204
0.18259,0.61363
0.18309,0.63532
0.18359,0.6364
0.18409,0.62192
0.18459,0.60686
0.18509,0.63011
0.18559,0.65605
0.18609,0.67795
0.18659,0.66113
0.18709,0.65827
0.18759,0.65561
0.18809,0.65972
0.18859,0.65206
0.18909,0.63897
0.18959,0.63298
0.1901,0.64747
0.1906,0.67925
0.1911,0.68232
0.1916,0.67875
0.1921,0.68815
0.1926,0.68162
0.1931,0.70656
0.1936,0.72138
0.1941,0.70494
0.1946,0.69597
0.1951,0.71393
0.1956,0.71912
0.1961,0.72439
0.1966,0.70152
0.1971,0.70457
0.1976,0.71376
0.1981,0.70523
0.1986,0.6918
0.1991,0.68932
0.1996,0.6752
0.2001,0.67424
0.2006,0.67798
0.2011,0.69637
0.2016,0.69878
0.2021,0.69152
0.2026,0.71341
0.2031,0.72446
0.2036,0.72755
0.2041,0.73654
0.2046,0.72974
0.2051,0.74121
0.2056,0.7448
0.2061,0.75317
0.2066,0.73915
0.2071,0.75971
0.2076,0.76553
0.2081,0.73986
0.2086,0.74615
0.2091,0.76321
0.2096,0.77177
0.21011,0.79026
0.21061,0.80793
0.21111,0.79575
0.21161,0.76488
0.21211,0.78883
0.21261,0.79406
0.21311,0.79434
0.21361,0.7889
0.21411,0.76834
0.21461,0.77131
0.21511,0.7529
0.21561,0.74166
0.21611,0.73887
0.21661,0.74899
0.21711,0.75402
0.21761,0.73601
0.21811,0.75585
0.21861,0.75629
0.21911,0.78134
0.21961,0.76515
0.22011,0.75467
0.22061,0.74439
0.22111,0.74296
0.22161,0.72987
0.22211,0.71696
0.22261,0.6851
0.22311,0.67388
0.22361,0.67732
0.22411,0.67486
0.22461,0.67262
0.22511,0.67105
0.22561,0.67331
0.22611,0.66659
0.22661,0.65715
0.22711,0.66396
0.22761,0.65832
0.22811,0.66139
0.22861,0.64854
0.22911,0.64658
0.22961,0.65655
0.23012,0.64463
0.23062,0.64649
0.23112,0.64333
0.23162,0.64232
0.23212,0.63752
0.23262,0.60969
0.23312,0.60777
0.23362,0.62643
0.23412,0.63516
0.23462,0.63011
0.23512,0.62125
0.23562,0.62459
0.23612,0.61945
0.23662,0.61237
0.23712,0.61311
0.23762,0.6299
0.23812,0.59616
0.23862,0.60399
0.23912,0.59049
0.23962,0.60314
0.24012,0.57067
0.24062,0.56768
0.24112,0.56845
0.24162,0.56277
0.24212,0.56005
0.24262,0.53979
0.24312,0.52471
0.24362,0.51379
0.24412,0.5187
0.24462,0.51085
0.24512,0.53144
0.24562,0.53332
0.24612,0.50837
0.24662,0.50229
0.24712,0.49356
0.24762,0.49494
0.24812,0.49198
0.24862,0.48825
0.24912,0.47842
0.24962,0.47756
0.25013,0.45822
0.25063,0.46642
0.25113,0.4487
0.25163,0.43984
0.25213,0.43788
0.25263,0.4412
0.25313,0.44018
0.25363,0.46345
0.25413,0.48517
0.25463,0.49356
0.25513,0.49479
0.25563,0.48398
0.25613,0.4778
0.25663,0.45897
0.25713,0.45396
0.25763,0.44765
0.25813,0.4711
0.25863,0.48119
0.25913,0.48206
0.25963,0.47814
0.26013,0.47925
0.26063,0.48951
0.26113,0.51946
0.26163,0.52384
0.26213,0.5354
0.26263,0.5445
0.26313,0.55193
0.26363,0.56534
0.26413,0.58221
0.26463,0.5828
0.26513,0.57859
0.26563,0.58163
0.26613,0.59498
0.26663,0.61126
0.26713,0.60399
0.26763,0.61621
0.26813,0.6139
0.26863,0.6094
0.26913,0.61665
0.26963,0.62914
0.27014,0.6215
0.27064,0.60143
0.27114,0.60076
0.27164,0.60816
0.27214,0.60928
0.27264,0.63041
0.27314,0.62598
0.27364,0.63663
0.27414,0.62612
0.27464,0.6092
0.27514,0.61813
0.27564,0.59948
0.27614,0.58206
0.27664,0.57396
0.27714,0.55403
0.27764,0.56151
0.27814,0.55779
0.27864,0.54047
0.27914,0.52857
0.27964,0.51536
0.28014,0.5144
0.28064,0.48206
0.28114,0.47277
0.28164,0.45413
0.28214,0.45855
0.28264,0.46656
0.28314,0.46853
0.28364,0.46718
0.28414,0.43189
0.28464,0.43226
0.28514,0.42053
0.28564,0.41697
0.28614,0.41259
0.28664,0.39708
0.28714,0.40484
0.28764,0.40805
0.28814,0.40336
0.28864,0.4153
0.28914,0.43644
0.28964,0.4216
0.29015,0.42125
0.29065,0.40638
0.29115,0.41643
0.29165,0.42313
0.29215,0.4162
0.29265,0.40872
0.29315,0.39863
0.29365,0.41102
0.29415,0.4077
0.29465,0.40569
0.29515,0.38884
0.29565,0.39302
0.29615,0.42905
0.29665,0.43293
0.29715,0.41388
0.29765,0.41718
0.29815,0.39795
0.29865,0.39994
0.29915,0.37727
0.29965,0.3869
0.30015,0.40219
0.30065,0.42298
0.30115,0.4415
0.30165,0.43135
0.30215,0.43728
0.30265,0.44948
0.30315,0.4351
0.30365,0.4378
0.30415,0.44802
0.30465,0.43076
0.30515,0.418
0.30565,0.42842
0.30615,0.42834
0.30665,0.43536
0.30715,0.45363
0.30765,0.46009
0.30815,0.44955
0.30865,0.45962
0.30915,0.45738
0.30965,0.44645
0.31016,0.4745
0.31066,0.47557
0.31116,0.46302
0.31166,0.47153
0.31216,0.49406
0.31266,0.50201
0.31316,0.51259
0.31366,0.514
0.31416,0.51187
0.31466,0.52354
0.31516,0.52093
0.31566,0.52194
0.31616,0.51489
0.31666,0.50571
0.31716,0.50211
0.31766,0.4862
0.31816,0.48953
0.31866,0.4909
0.31916,0.49035
0.31966,0.46025
0.32016,0.45341
0.32066,0.45675
0.32116,0.46169
0.32166,0.46409
0.32216,0.46359
0.32266,0.44212
0.32316,0.44667
0.32366,0.44491
0.32416,0.45141
0.32466,0.45943
0.32516,0.45827
0.32566,0.46263
0.32616,0.45814
0.32666,0.45382
0.32716,0.4487
0.32766,0.43594
0.32816,0.43907
0.32866,0.45561
0.32916,0.44786
0.32966,0.44114
0.33017,0.45082
0.33067,0.45135
0.33117,0.47199
0.33167,0.44921
0.33217,0.43537
0.33267,0.42514
0.33317,0.45429
0.33367,0.46007
0.33417,0.45413
0.33467,0.45453
0.33517,0.4503
0.33567,0.46339
0.33617,0.46364
0.33667,0.47459
0.33717,0.484
0.33767,0.4809
0.33817,0.47938
0.33867,0.48109
0.33917,0.47039
0.33967,0.46719
0.34017,0.46599
0.34067,0.45229
0.34117,0.46485
0.34167,0.44969
0.34217,0.44017
0.34267,0.42451
0.34317,0.43878
0.34367,0.42967
0.34417,0.40656
0.34467,0.41745
0.34517,0.43676
0.34567,0.44576
0.34617,0.44762
0.34667,0.4361
0.34717,0.42603
0.34767,0.4425
0.34817,0.45791
0.34867,0.44977
0.34917,0.46056
0.34967,0.46347
0.35018,0.45847
0.35068,0.44733
0.35118,0.45117
0.35168,0.42681
0.35218,0.40574
0.35268,0.43274
0.35318,0.43177
0.35368,0.46698
0.35418,0.46372
0.35468,0.46604
0.35518,0.4784
0.35568,0.47601
0.35618,0.46903
0.35668,0.4882
0.35718,0.47655
0.35768,0.48736
0.35818,0.48053
0.35868,0.49048
0.35918,0.50184
0.35968,0.49072
0.36018,0.49786
0.36068,0.51169
0.36118,0.4976
0.36168,0.50245
0.36218,0.50196
0.36268,0.48552
0.36318,0.48184
0.36368,0.47969
0.36418,0.46518
0.36468,0.43901
0.36518,0.42683
0.36568,0.42675
0.36618,0.40367
0.36668,0.42059
0.36718,0.41255
0.36768,0.38491
0.36818,0.38639
0.36868,0.40631
0.36918,0.40702
0.36968,0.40919
0.37019,0.40883
0.37069,0.41116
0.37119,0.42297
0.37169,0.42541
0.37219,0.43553
0.37269,0.44233
0.37319,0.4441
0.37369,0.44785
0.37419,0.43469
0.37469,0.42204
0.37519,0.42187
0.37569,0.42661
0.37619,0.41463
0.37669,0.42551
0.37719,0.42697
0.37769,0.46356
0.37819,0.46906
0.37869,0.45156
0.37919,0.4567
0.37969,0.46339
0.38019,0.45655
0.38069,0.45969
0.38119,0.45169
0.38169,0.45197
0.38219,0.45758
0.38269,0.47353
0.38319,0.48386
0.38369,0.44845
0.38419,0.45227
0.38469,0.46334
0.38519,0.46323
0.38569,0.47472
0.38619,0.4851
0.38669,0.50259
0.38719,0.51908
0.38769,0.53192
0.38819,0.50976
0.38869,0.4965
0.38919,0.50567
0.38969,0.49262
0.3902,0.48449
0.3907,0.49369
0.3912,0.49396
0.3917,0.5082
0.3922,0.49025
0.3927,0.49667
0.3932,0.47479
0.3937,0.45547
0.3942,0.4594
0.3947,0.45752
0.3952,0.44238
0.3957,0.43847
0.3962,0.43067
0.3967,0.41866
0.3972,0.42199
0.3977,0.40204
0.3982,0.40624
0.3987,0.37912
0.3992,0.38621
0.3997,0.3908
0.4002,0.40096
0.4007,0.39169
0.4012,0.4008
0.4017,0.38644
0.4022,0.39849
0.4027,0.37006
0.4032,0.37387
0.4037,0.36405
0.4042,0.35369
0.4047,0.35572
0.4052,0.35121
0.4057,0.36421
0.4062,0.36278
0.4067,0.37635
0.4072,0.36998
0.4077,0.37091
0.4082,0.37625
0.4087,0.39119
0.4092,0.3995
0.4097,0.39565
0.41021,0.37728
0.41071,0.3681
0.41121,0.37254
0.41171,0.35918
0.41221,0.36308
0.41271,0.3779
0.41321,0.38119
0.41371,0.38339
0.41421,0.38883
0.41471,0.40512
0.41521,0.42452
0.41571,0.41079
0.41621,0.41354
0.41671,0.42142
0.41721,0.41789
0.41771,0.4513
0.41821,0.46277
0.41871,0.45137
0.41921,0.46224
0.41971,0.47162
0.42021,0.4818
0.42071,0.45886
0.42121,0.47944
0.42171,0.45788
0.42221,0.47274
0.42271,0.45788
0.42321,0.46304
0.42371,0.47597
0.42421,0.48693
0.42471,0.48742
0.42521,0.47502
0.42571,0.47352
0.42621,0.46277
0.42671,0.44047
0.42721,0.4284
0.42771,0.43628
0.42821,0.4437
0.42871,0.43814
0.42921,0.43897
0.42971,0.4451
0.43022,0.44776
0.43072,0.45121
0.43122,0.47907
0.43172,0.44858
0.43222,0.45312
0.43272,0.457
0.43322,0.46587
0.43372,0.45809
0.43422,0.46998
0.43472,0.47228
0.43522,0.48365
0.43572,0.49655
0.43622,0.51426
0.43672,0.5134
0.43722,0.53103
0.43772,0.53409
0.43822,0.51494
0.43872,0.51294
0.43922,0.50617
0.43972,0.48302
0.44022,0.47743
0.44072,0.46919
0.44122,0.47884
0.44172,0.48339
0.44222,0.49521
0.44272,0.49902
0.44322,0.49707
0.44372,0.49587
0.44422,0.49974
0.44472,0.51534
0.44522,0.52613
0.44572,0.50798
0.44622,0.50959
0.44672,0.50662
0.44722,0.51428
0.44772,0.51026
0.44822,0.52545
0.44872,0.52304
0.44922,0.5034
0.44972,0.52208
0.45023,0.52799
0.45073,0.53556
0.45123,0.52627
0.45173,0.53744
0.45223,0.50747
0.45273,0.52217
0.45323,0.52215
0.45373,0.50053
0.45423,0.48408
0.45473,0.48685
0.45523,0.48981
0.45573,0.47634
0.45623,0.47027
0.45673,0.48901
0.45723,0.48283
0.45773,0.48326
0.45823,0.49396
0.45873,0.50597
0.45923,0.50782
0.45973,0.48614
0.46023,0.46408
0.46073,0.46983
0.46123,0.45995
0.46173,0.46752
0.46223,0.44898
0.46273,0.45515
0.46323,0.46357
0.46373,0.46866
0.46423,0.45509
0.46473,0.45044
0.46523,0.45636
0.46573,0.43506
0.46623,0.42567
0.46673,0.41124
0.46723,0.42466
0.46773,0.44782
0.46823,0.45732
0.46873,0.4473
0.46923,0.45036
0.46973,0.44737
0.47024,0.43595
0.47074,0.44057
0.47124,0.44204
0.47174,0.42687
0.47224,0.41772
0.47274,0.414
0.47324,0.42277
0.47374,0.40605
0.47424,0.39805
0.47474,0.3916
0.47524,0.40477
0.47574,0.42836
0.47624,0.44748
0.47674,0.45969
0.47724,0.46407
0.47774,0.465
0.47824,0.44491
0.47874,0.43931
0.47924,0.43903
0.47974,0.44209
0.48024,0.42859
0.48074,0.41969
0.48124,0.42716
0.48174,0.41125
0.48224,0.40086
0.48274,0.40449
0.48324,0.42505
0.48374,0.41096
0.48424,0.41933
0.48474,0.40865
0.48524,0.40445
0.48574,0.39639
0.48624,0.41325
0.48674,0.42475
0.48724,0.39655
0.48774,0.39172
0.48824,0.39913
0.48874,0.37829
0.48924,0.37552
0.48974,0.36982
0.49025,0.37644
0.49075,0.36477
0.49125,0.36584
0.49175,0.35886
0.49225,0.33992
0.49275,0.33478
0.49325,0.32864
0.49375,0.32474
0.49425,0.32071
0.49475,0.29943
0.49525,0.31409
0.49575,0.33182
0.49625,0.33013
0.49675,0.32025
0.49725,0.32312
0.49775,0.31775
0.49825,0.31862
0.49875,0.29508
0.49925,0.31767
0.49975,0.32205
0.50025,0.33164
0.50075,0.35305
0.50125,0.3254
0.50175,0.31544
0.50225,0.3178
0.50275,0.32487
0.50325,0.31746
0.50375,0.32146
0.50425,0.30503
0.50475,0.30249
0.50525,0.29845
0.50575,0.31126
0.50625,0.30412
0.50675,0.29205
0.50725,0.2801
0.50775,0.28383
0.50825,0.27385
0.50875,0.29532
0.50925,0.30301
0.50975,0.3073
0.51026,0.30528
0.51076,0.30951
0.51126,0.3275
0.51176,0.29753
0.51226,0.31485
0.51276,0.30978
0.51326,0.30981
0.51376,0.32166
0.51426,0.32946
0.51476,0.30784
0.51526,0.2877
0.51576,0.29539
0.51626,0.28319
0.51676,0.26135
0.51726,0.25654
0.51776,0.25121
0.51826,0.23566
0.51876,0.2208
0.51926,0.22469
0.51976,0.19911
0.52026,0.21672
0.52076,0.22563
0.52126,0.22194
0.52176,0.22163
0.52226,0.20947
0.52276,0.1955
0.52326,0.2005
0.52376,0.21257
0.52426,0.22969
0.52476,0.22797
0.52526,0.23618
0.52576,0.26238
0.52626,0.29273
0.52676,0.28772
0.52726,0.31769
0.52776,0.31556
0.52826,0.30614
0.52876,0.31369
0.52926,0.31301
0.52976,0.32859
0.53027,0.33742
0.53077,0.31666
0.53127,0.27609
0.53177,0.28333
0.53227,0.26982
0.53277,0.28198
0.53327,0.30317
0.53377,0.29006
0.53427,0.30356
0.53477,0.30568
0.53527,0.29782
0.53577,0.3189
0.53627,0.31198
0.53677,0.32842
0.53727,0.34963
0.53777,0.32166
0.53827,0.36116
0.53877,0.37932
0.53927,0.39338
0.53977,0.38311
0.54027,0.37966
0.54077,0.36129
0.54127,0.34431
0.54177,0.33232
0.54227,0.34021
0.54277,0.36489
0.54327,0.38294
0.54377,0.37636
0.54427,0.3472
0.54477,0.35037
0.54527,0.34053
0.54577,0.3167
0.54627,0.3227
0.54677,0.33048
0.54727,0.34195
0.54777,0.33839
0.54827,0.3328
0.54877,0.33004
0.54927,0.3277
0.54977,0.33062
0.55028,0.35317
0.55078,0.35477
0.55128,0.36349
0.55178,0.39134
0.55228,0.3868
0.55278,0.39658
0.55328,0.40051
0.55378,0.38914
0.55428,0.35521
0.55478,0.32335
0.55528,0.31872
0.55578,0.31053
0.55628,0.30507
0.55678,0.28611
0.55728,0.28915
0.55778,0.29194
0.55828,0.2823
0.55878,0.29245
0.55928,0.27044
0.55978,0.25629
0.56028,0.25292
0.56078,0.23553
0.56128,0.25205
0.56178,0.27206
0.56228,0.27522
0.56278,0.25642
0.56328,0.26524
0.56378,0.231
0.56428,0.22384
0.56478,0.26672
0.56528,0.27261
0.56578,0.25721
0.56628,0.26908
0.56678,0.26529
0.56728,0.27915
0.56778,0.27427
0.56828,0.29224
0.56878,0.30575
0.56928,0.30861
0.56978,0.3046
0.57029,0.30803
0.57079,0.30547
0.57129,0.30442
0.57179,0.31379
0.57229,0.30312
0.57279,0.29239
0.57329,0.29229
0.57379,0.28256
0.57429,0.26259
0.57479,0.27425
0.57529,0.27069
0.57579,0.24971
0.57629,0.24442
0.57679,0.2425
0.57729,0.21124
0.57779,0.19306
0.57829,0.16874
0.57879,0.18359
0.57929,0.18168
0.57979,0.19658
0.58029,0.20407
0.58079,0.21048
0.58129,0.20138
0.58179,0.2052
0.58229,0.18735
0.58279,0.17765
0.58329,0.16877
0.58379,0.17142
0.58429,0.14739
0.58479,0.1288
0.58529,0.13145
0.58579,0.15113
0.58629,0.15604
0.58679,0.15011
0.58729,0.14946
0.58779,0.1505
0.58829,0.17672
0.58879,0.17574
0.58929,0.18831
0.58979,0.18725
0.5903,0.17652
0.5908,0.18067
0.5913,0.19475
0.5918,0.17246
0.5923,0.15786
0.5928,0.15529
0.5933,0.16149
0.5938,0.14912
0.5943,0.14042
0.5948,0.14876
0.5953,0.13088
0.5958,0.14491
0.5963,0.15647
0.5968,0.14787
0.5973,0.15671
0.5978,0.17404
0.5983,0.17825
0.5988,0.18976
0.5993,0.19149
0.5998,0.19171
0.6003,0.19073
0.6008,0.17742
0.6013,0.16741
0.6018,0.167
0.6023,0.18023
0.6028,0.17221
0.6033,0.19198
0.6038,0.18109
0.6043,0.18972
0.6048,0.17218
0.6053,0.16057
0.6058,0.15422
0.6063,0.15719
0.6068,0.18225
0.6073,0.18373
0.6078,0.17822
0.6083,0.18507
0.6088,0.16901
0.6093,0.16772
0.6098,0.17369
0.61031,0.16973
0.61081,0.16748
0.61131,0.16988
0.61181,0.17552
0.61231,0.19799
0.61281,0.22473
0.61331,0.23406
0.61381,0.21576
0.61431,0.22063
0.61481,0.21303
0.61531,0.19905
0.61581,0.20839
0.61631,0.21487
0.61681,0.21227
0.61731,0.20721
0.61781,0.19534
0.61831,0.1707
0.61881,0.14889
0.61931,0.13317
0.61981,0.12761
0.62031,0.12995
0.62081,0.13303
0.62131,0.11641
0.62181,0.12578
0.62231,0.1315
0.62281,0.15098
0.62331,0.14415
0.62381,0.14406
0.62431,0.13702
0.62481,0.14664
0.62531,0.16121
0.62581,0.16791
0.62631,0.20503
0.62681,0.20289
0.62731,0.20864
0.62781,0.1823
0.62831,0.17499
0.62881,0.1497
0.62931,0.14825
0.62981,0.13063
0.63032,0.12162
0.63082,0.10953
0.63132,0.10746
0.63182,0.12015
0.63232,0.14091
0.63282,0.14665
0.63332,0.13914
0.63382,0.14155
0.63432,0.13121
0.63482,0.11858
0.63532,0.099731
0.63582,0.074205
0.63632,0.07333
0.63682,0.082331
0.63732,0.085092
0.63782,0.084983
0.63832,0.085252
0.63882,0.077773
0.63932,0.10303
0.63982,0.10008
0.64032,0.081144
0.64082,0.077089
0.64132,0.069461
0.64182,0.067834
0.64232,0.062609
0.64282,0.051303
0.64332,0.028032
0.64382,0.022012
0.64432,0.0012826
0.64482,0
0.64532,0.012156
0.64582,0.043888
0.64632,0.050849
0.64682,0.056347
0.64732,0.070442
0.64782,0.076184
0.64832,0.093528
0.64882,0.091036
0.64932,0.092787
0.64982,0.08398
0.65033,0.073812
0.65083,0.065842
0.65133,0.076721
0.65183,0.077653
0.65233,0.053097
0.65283,0.077568
0.65333,0.086327
0.65383,0.06564
0.65433,0.060617
0.65483,0.063398
0.65533,0.053145
0.65583,0.051721
0.65633,0.056258
0.65683,0.070098
0.65733,0.051285
0.65783,0.037484
0.65833,0.028868
0.65883,0.031155
0.65933,0.049165
0.65983,0.075094
0.66033,0.085022
0.66083,0.095896
0.66133,0.093983
0.66183,0.092646
0.66233,0.081931
0.66283,0.088536
0.66333,0.10511
0.66383,0.12246
0.66433,0.11874
0.66483,0.12165
0.66533,0.13009
0.66583,0.12275
0.66633,0.12582
0.66683,0.13058
0.66733,0.13756
0.66783,0.12931
0.66833,0.14733
0.66883,0.16039
0.66933,0.12855
0.66983,0.11392
0.67034,0.10956
0.67084,0.08261
0.67134,0.1036
0.67184,0.10673
0.67234,0.11538
0.67284,0.10026
0.67334,0.1029
0.67384,0.12562
0.67434,0.13534
0.67484,0.14596
0.67534,0.15404
0.67584,0.15326
0.67634,0.13841
0.67684,0.16712
0.67734,0.14901
0.67784,0.15513
0.67834,0.16037
0.67884,0.18813
0.67934,0.1838
0.67984,0.20346
0.68034,0.19673
0.68084,0.19954
0.68134,0.20964
0.68184,0.19695
0.68234,0.20516
0.68284,0.22873
0.68334,0.22992
0.68384,0.26468
0.68434,0.25564
0.68484,0.29296
0.68534,0.29273
0.68584,0.29637
0.68634,0.28413
0.68684,0.25799
0.68734,0.25374
0.68784,0.26162
0.68834,0.27272
0.68884,0.2503
0.68934,0.22455
0.68984,0.21871
0.69035,0.21931
0.69085,0.25167
0.69135,0.24752
0.69185,0.25003
0.69235,0.26272
0.69285,0.25568
0.69335,0.24074
0.69385,0.21942
0.69435,0.23515
0.69485,0.24165
0.69535,0.26369
0.69585,0.2576
0.69635,0.27111
0.69685,0.29856
0.69735,0.30662
0.69785,0.30686
0.69835,0.28529
0.69885,0.30188
0.69935,0.31103
0.69985,0.30058
0.70035,0.30769
0.70085,0.33627
0.70135,0.34102
0.70185,0.34412
0.70235,0.36137
0.70285,0.36119
0.70335,0.34333
0.70385,0.33588
0.70435,0.346
0.70485,0.33379
0.70535,0.35216
0.70585,0.35545
0.70635,0.35704
0.70685,0.36219
0.70735,0.36125
0.70785,0.35351
0.70835,0.35979
0.70885,0.3772
0.70935,0.39909
0.70985,0.38968
0.71036,0.40049
0.71086,0.38673
0.71136,0.40407
0.71186,0.40427
0.71236,0.40719
0.71286,0.43014
0.71336,0.4023
0.71386,0.40381
0.71436,0.38926
0.71486,0.36839
0.71536,0.37693
0.71586,0.37151
0.71636,0.36611
0.71686,0.36723
0.71736,0.3614
0.71786,0.35387
0.71836,0.36563
0.71886,0.35472
0.71936,0.35126
0.71986,0.35787
0.72036,0.34712
0.72086,0.347
0.72136,0.35541
0.72186,0.35748
0.72236,0.39204
0.72286,0.37454
0.72336,0.38825
0.72386,0.39867
0.72436,0.3875
0.72486,0.37964
0.72536,0.38052
0.72586,0.38036
0.72636,0.37933
0.72686,0.35845
0.72736,0.38125
0.72786,0.37497
0.72836,0.37624
0.72886,0.38009
0.72936,0.3924
0.72986,0.39923
0.73037,0.40252
0.73087,0.38376
0.73137,0.39674
0.73187,0.41809
0.73237,0.39883
0.73287,0.37828
0.73337,0.37728
0.73387,0.37838
0.73437,0.36708
0.73487,0.35952
0.73537,0.35914
0.73587,0.34249
0.73637,0.35231
0.73687,0.3531
0.73737,0.3551
0.73787,0.37647
0.73837,0.36606
0.73887,0.38682
0.73937,0.40095
0.73987,0.39872
0.74037,0.40293
0.74087,0.42194
0.74137,0.42633
0.74187,0.4327
0.74237,0.43804
0.74287,0.43706
0.74337,0.45467
0.74387,0.46777
0.74437,0.49083
0.74487,0.48531
0.74537,0.49288
0.74587,0.50278
0.74637,0.50573
0.74687,0.52331
0.74737,0.53174
0.74787,0.5169
0.74837,0.51091
0.74887,0.50119
0.74937,0.50593
0.74987,0.49915
0.75038,0.47097
0.75088,0.46207
0.75138,0.48149
0.75188,0.47708
0.75238,0.51326
0.75288,0.49136
0.75338,0.48418
0.75388,0.49151
0.75438,0.5115
0.75488,0.5054
0.75538,0.49875
0.75588,0.5153
0.75638,0.51584
0.75688,0.52587
0.75738,0.54235
0.75788,0.54643
0.75838,0.56087
0.75888,0.57111
0.75938,0.55344
0.75988,0.54662
0.76038,0.55406
0.76088,0.52784
0.76138,0.51766
0.76188,0.48493
0.76238,0.4761
0.76288,0.47456
0.76338,0.47858
0.76388,0.47076
0.76438,0.4296
0.76488,0.45037
0.76538,0.44491
0.76588,0.46404
0.76638,0.44592
0.76688,0.45802
0.76738,0.46527
0.76788,0.45905
0.76838,0.49159
0.76888,0.51865
0.76938,0.52933
0.76988,0.52974
0.77039,0.53699
0.77089,0.54614
0.77139,0.53824
0.77189,0.53475
0.77239,0.55506
0.77289,0.56855
0.77339,0.57261
0.77389,0.56167
0.77439,0.55509
0.77489,0.56671
0.77539,0.57154
0.77589,0.57047
0.77639,0.5805
0.77689,0.5565
0.77739,0.57275
0.77789,0.57194
0.77839,0.56668
0.77889,0.57485
0.77939,0.58346
0.77989,0.59712
0.78039,0.60963
0.78089,0.62608
0.78139,0.62274
0.78189,0.61327
0.78239,0.60532
0.78289,0.6018
0.78339,0.61845
0.78389,0.5977
0.78439,0.59252
0.78489,0.59621
0.78539,0.60727
0.78589,0.59416
0.78639,0.59276
0.78689,0.59447
0.78739,0.59531
0.78789,0.60029
0.78839,0.5989
0.78889,0.58956
0.78939,0.58438
0.78989,0.5846
0.7904,0.60294
0.7909,0.60852
0.7914,0.60944
0.7919,0.61338
0.7924,0.61971
0.7929,0.64358
0.7934,0.64707
0.7939,0.6673
0.7944,0.67155
0.7949,0.68231
0.7954,0.69009
0.7959,0.7139
0.7964,0.70134
0.7969,0.68907
0.7974,0.6941
0.7979,0.70628
0.7984,0.70835
0.7989,0.70564
0.7994,0.72558
0.7999,0.71725
0.8004,0.72809
0.8009,0.75392
0.8014,0.75923
0.8019,0.74769
0.8024,0.78026
0.8029,0.769
0.8034,0.77276
0.8039,0.78375
0.8044,0.80019
0.8049,0.79934
0.8054,0.80798
0.8059,0.78426
0.8064,0.78506
0.8069,0.77488
0.8074,0.75223
0.8079,0.76701
0.8084,0.7866
0.8089,0.78976
0.8094,0.77506
0.8099,0.8074
0.81041,0.80202
0.81091,0.81426
0.81141,0.81244
0.81191,0.83004
0.81241,0.83436
0.81291,0.82798
0.81341,0.829
0.81391,0.82759
0.81441,0.84656
0.81491,0.85604
0.81541,0.86097
0.81591,0.8529
0.81641,0.84149
0.81691,0.85026
0.81741,0.86995
0.81791,0.85909
0.81841,0.84201
0.81891,0.86507
0.81941,0.86643
0.81991,0.85569
0.82041,0.83894
0.82091,0.85552
0.82141,0.87598
0.82191,0.89978
0.82241,0.90823
0.82291,0.90935
0.82341,0.938
0.82391,0.95492
0.82441,0.93148
0.82491,0.93129
0.82541,0.96434
0.82591,0.95538
0.82641,0.95886
0.82691,0.95387
0.82741,0.97153
0.82791,0.96278
0.82841,0.96362
0.82891,0.95376
0.82941,0.95136
0.82991,0.96589
0.83042,0.96772
0.83092,0.96751
0.83142,0.95494
0.83192,0.93515
0.83242,0.94
0.83292,0.94639
0.83342,0.9507
0.83392,0.92556
0.83442,0.93467
0.83492,0.9378
0.83542,0.9544
0.83592,0.95608
0.83642,0.95849
0.83692,0.95038
0.83742,0.9365
0.83792,0.93254
0.83842,0.95204
0.83892,0.97618
0.83942,0.95832
0.83992,0.96351
0.84042,0.9632
0.84092,0.96468
0.84142,0.97557
0.84192,0.96206
0.84242,0.9486
0.84292,0.95239
0.84342,0.95627
0.84392,0.95296
0.84442,0.95003
0.84492,0.96207
0.84542,0.95346
0.84592,0.95105
0.84642,0.96066
0.84692,0.9647
0.84742,0.98544
0.84792,0.98485
0.84842,0.98445
0.84892,0.97933
0.84942,0.97192
0.84992,0.9844
0.85043,0.96678
0.85093,0.96274
0.85143,0.92793
0.85193,0.93838
0.85243,0.94645
0.85293,0.95908
0.85343,0.94536
0.85393,0.94446
0.85443,0.94555
0.85493,0.92189
0.85543,0.89803
0.85593,0.88919
0.85643,0.90729
0.85693,0.9359
0.85743,0.93813
0.85793,0.9153
0.85843,0.919
0.85893,0.92428
0.85943,0.92296
0.85993,0.92533
0.86043,0.90071
0.86093,0.8806
0.86143,0.89157
0.86193,0.88842
0.86243,0.86657
0.86293,0.86232
0.86343,0.85165
0.86393,0.8609
0.86443,0.86034
0.86493,0.86468
0.86543,0.87146
0.86593,0.85769
0.86643,0.85902
0.86693,0.85746
0.86743,0.86669
0.86793,0.89191
0.86843,0.89627
0.86893,0.895
0.86943,0.89541
0.86993,0.88719
0.87044,0.86401
0.87094,0.87042
0.87144,0.86442
0.87194,0.8696
0.87244,0.87031
0.87294,0.8638
0.87344,0.86708
0.87394,0.8767
0.87444,0.87875
0.87494,0.88054
0.87544,0.86707
0.87594,0.88456
0.87644,0.90062
0.87694,0.86611
0.87744,0.83817
0.87794,0.84334
0.87844,0.83181
0.87894,0.81533
0.87944,0.8507
0.87994,0.83859
0.88044,0.82221
0.88094,0.82627
0.88144,0.81649
0.88194,0.80118
0.88244,0.78225
0.88294,0.77433
0.88344,0.78128
0.88394,0.76128
0.88444,0.76012
0.88494,0.75995
0.88544,0.75532
0.88594,0.76853
0.88644,0.77715
0.88694,0.81625
0.88744,0.79953
0.88794,0.80163
0.88844,0.81219
0.88894,0.80447
0.88944,0.81153
0.88994,0.83392
0.89045,0.84463
0.89095,0.85647
0.89145,0.85347
0.89195,0.85744
0.89245,0.85047
0.89295,0.84839
0.89345,0.84707
0.89395,0.86042
0.89445,0.86624
0.89495,0.86589
0.89545,0.86081
0.89595,0.85756
0.89645,0.84196
0.89695,0.85209
0.89745,0.86768
0.89795,0.85397
0.89845,0.87676
0.89895,0.87014
0.89945,0.87246
0.89995,0.8772
0.90045,0.8739
0.90095,0.87195
0.90145,0.85629
0.90195,0.856
0.90245,0.86428
0.90295,0.88926
0.90345,0.89036
0.90395,0.9119
0.90445,0.9068
0.90495,0.88939
0.90545,0.8797
0.90595,0.87213
0.90645,0.88046
0.90695,0.86257
0.90745,0.86093
0.90795,0.84616
0.90845,0.80929
0.90895,0.81266
0.90945,0.80117
0.90995,0.81637
0.91046,0.81239
0.91096,0.82784
0.91146,0.84185
0.91196,0.87033
0.91246,0.86155
0.91296,0.84625
0.91346,0.85896
0.91396,0.85355
0.91446,0.8484
0.91496,0.85485
0.91546,0.8608
0.91596,0.8659
0.91646,0.88066
0.91696,0.89213
0.91746,0.87635
0.91796,0.88173
0.91846,0.87391
0.91896,0.86079
0.91946,0.86233
0.91996,0.86325
0.92046,0.85615
0.92096,0.8634
0.92146,0.87253
0.92196,0.87974
0.92246,0.87291
0.92296,0.85521
0.92346,0.84703
0.92396,0.83946
0.92446,0.84061
0.92496,0.84987
0.92546,0.87845
0.92596,0.87841
0.92646,0.87721
0.92696,0.87379
0.92746,0.86209
0.92796,0.86775
0.92846,0.86596
0.92896,0.87319
0.92946,0.88491
0.92996,0.86816
0.93047,0.87979
0.93097,0.86901
0.93147,0.85893
0.93197,0.84894
0.93247,0.8448
0.93297,0.82442
0.93347,0.83549
0.93397,0.82728
0.93447,0.84013
0.93497,0.86655
0.93547,0.8705
0.93597,0.86524
0.93647,0.87295
0.93697,0.85767
0.93747,0.85849
0.93797,0.85865
0.93847,0.8564
0.93897,0.8472
0.93947,0.83393
0.93997,0.83326
0.94047,0.8429
0.94097,0.8391
0.94147,0.82002
0.94197,0.8262
0.94247,0.84082
0.94297,0.82684
0.94347,0.78877
0.94397,0.80211
0.94447,0.80314
0.94497,0.77814
0.94547,0.76992
0.94597,0.78558
0.94647,0.77788
0.94697,0.77434
0.94747,0.7744
0.94797,0.77387
0.94847,0.7671
0.94897,0.7516
0.94947,0.76111
0.94997,0.77086
0.95048,0.78247
0.95098,0.81504
0.95148,0.81651
0.95198,0.81687
0.95248,0.82986
0.95298,0.82979
0.95348,0.84867
0.95398,0.87221
0.95448,0.88406
0.95498,0.89934
0.95548,0.90474
0.95598,0.90729
0.95648,0.898
0.95698,0.89815
0.95748,0.88335
0.95798,0.9089
0.95848,0.90668
0.95898,0.89687
0.95948,0.88361
0.95998,0.89558
0.96048,0.90159
0.96098,0.91349
0.96148,0.92787
0.96198,0.92646
0.96248,0.94719
0.96298,0.94946
0.96348,0.96023
0.96398,0.93714
0.96448,0.93947
0.96498,0.93299
0.96548,0.92319
0.96598,0.89464
0.96648,0.8704
0.96698,0.8697
0.96748,0.86854
0.96798,0.85261
0.96848,0.84251
0.96898,0.8552
0.96948,0.85275
0.96998,0.85186
0.97049,0.86398
0.97099,0.88351
0.97149,0.86854
0.97199,0.89282
0.97249,0.89484
0.97299,0.89105
0.97349,0.91315
0.97399,0.92207
0.97449,0.91743
0.97499,0.9139
0.97549,0.90527
0.97599,0.89314
0.97649,0.90274
0.97699,0.90264
0.97749,0.86495
0.97799,0.86295
0.97849,0.87068
0.97899,0.88076
0.97949,0.87853
0.97999,0.87074
0.98049,0.87563
0.98099,0.86828
0.98149,0.87603
0.98199,0.84984
0.98249,0.85683
0.98299,0.87827
0.98349,0.88808
0.98399,0.89553
0.98449,0.88464
0.98499,0.87742
0.98549,0.89493
0.98599,0.88847
0.98649,0.865
0.98699,0.85259
0.98749,0.86495
0.98799,0.8655
0.98849,0.87103
0.98899,0.87903
0.98949,0.9048
0.98999,0.91436
0.9905,0.8834
0.991,0.90189
0.9915,0.92051
0.992,0.91443
0.9925,0.90602
0.993,0.91972
0.9935,0.91317
0.994,0.90778
0.9945,0.92653
0.995,0.93029
0.9955,0.95547
0.996,0.94476
0.9965,0.93726
0.997,0.96014
0.9975,0.95151
0.998,0.93246
0.9985,0.92233
0.999,0.92444
0.9995,0.92951
1,0.9319
